Name,URL
Morteza Abbaszadegan, https://sustainability.asu.edu/person/morteza-abbaszadegan
David Abbott, https://sustainability.asu.edu/person/david-abbott
Joshua Abbott, https://sustainability.asu.edu/person/joshua-abbott
Kenneth Abbott, https://sustainability.asu.edu/person/kenneth-abbott
Marc Adams, https://sustainability.asu.edu/person/marc-adams
Joni Adamson, https://sustainability.asu.edu/person/joni-adamson
Ambika Adhikari, https://sustainability.asu.edu/person/ambika-adhikari
Rimjhim Aggarwal, https://sustainability.asu.edu/person/rimjhim-aggarwal
Datu Buyung Agusdinata, https://sustainability.asu.edu/person/datu-agusdinata
Jorge Ahumada, https://sustainability.asu.edu/person/jorge-ahumada
Barbara Ainsworth, https://sustainability.asu.edu/person/barbara-ainsworth
Athena Aktipis, https://sustainability.asu.edu/person/c-aktipis
Braden Allenby, https://sustainability.asu.edu/person/braden-allenby
Lauren Allsopp, https://sustainability.asu.edu/person/lauren-allsopp
Philip Allsopp, https://sustainability.asu.edu/person/philip-allsop
Absar Alum, https://sustainability.asu.edu/person/absar-alum
Julie Anand, https://sustainability.asu.edu/person/julie-anand
Ariel Anbar, https://sustainability.asu.edu/person/ariel-anbar
Kathleen Andereck, https://sustainability.asu.edu/person/kathleen-andereck
Marty Anderies, https://sustainability.asu.edu/person/john-anderies
James Anderson, https://sustainability.asu.edu/person/james-anderson
Jean Andino, https://sustainability.asu.edu/person/jean-andino
David Androff, https://sustainability.asu.edu/person/david-androff
Michael Angilletta, https://sustainability.asu.edu/person/michael-angilletta
Leanna Archambault, https://sustainability.asu.edu/person/leanna-archambault
Samuel Ariaratnam, https://sustainability.asu.edu/person/samuel-ariaratnam
Gregory Asner, https://sustainability.asu.edu/person/gregory-asner
Robert Atkinson, https://sustainability.asu.edu/person/robert-atkinson
Shirley-Ann Augustin-Behravesh, https://sustainability.asu.edu/person/shirley-ann-augustin-behravesh
Bruce Baikie, https://sustainability.asu.edu/person/bruce-baikie
Becky Ball, https://sustainability.asu.edu/person/becky-ball
Robert Balling, https://sustainability.asu.edu/person/robert-balling
Scott Barclay, https://sustainability.asu.edu/person/scott-barclay
Michael Barton, https://sustainability.asu.edu/person/michael-barton
Howard Bashford, https://sustainability.asu.edu/person/howard-bashford
George Basile, https://sustainability.asu.edu/person/george-basile
Jonathan Bate, https://sustainability.asu.edu/person/sir-jonathan-bate
Heather Bateman, https://sustainability.asu.edu/person/heather-bateman
Denise Bates, https://sustainability.asu.edu/person/denise-bates
Tatiana Batova, https://sustainability.asu.edu/person/tatiana-batova
Dayna Baumeister, https://sustainability.asu.edu/person/dayna-baumeister
Julia Bausch, https://sustainability.asu.edu/person/julia-bausch
Aryn Baxter, https://sustainability.asu.edu/person/aryn-baxter
Ira Bennett, https://sustainability.asu.edu/person/ira-bennett
Nina Berman, https://sustainability.asu.edu/person/nina-berman
Andrew Bernier, https://sustainability.asu.edu/person/andrew-bernier
Mark Bernstein, https://sustainability.asu.edu/person/mark-bernstein
Michael Bernstein, https://sustainability.asu.edu/person/michael-bernstein
Evan Berry, https://sustainability.asu.edu/person/evan-berry
Mariana Bertoni, https://sustainability.asu.edu/person/mariana-bertoni
Steven Beschloss, https://sustainability.asu.edu/person/steven-beschloss
Candace Black, https://sustainability.asu.edu/person/candace-black
Nadya Bliss, https://sustainability.asu.edu/person/nadya-bliss
Daniel Bodansky, https://sustainability.asu.edu/person/daniel-bodansky
Bob Bolin, https://sustainability.asu.edu/person/bob-bolin
Christopher Boone, https://sustainability.asu.edu/person/christopher-boone
Prasad Boradkar, https://sustainability.asu.edu/person/prasad-boradkar
Stuart Bowden, https://sustainability.asu.edu/person/stuart-bowden
Diana Bowman, https://sustainability.asu.edu/person/diana-bowman
Treavor Boyer, https://sustainability.asu.edu/person/treavor-boyer
Karen Bradshaw, https://sustainability.asu.edu/person/karen-bradshaw
Ward Brady, https://sustainability.asu.edu/person/ward-brady
Elizabeth Brake, https://sustainability.asu.edu/person/elizabeth-brake
Bryan Brayboy, https://sustainability.asu.edu/person/bryan-brayboy
Anthony Brazel, https://sustainability.asu.edu/person/anthony-brazel
Hanna Breetz, https://sustainability.asu.edu/person/hanna-breetz
Alexandra Brewis-Slade, https://sustainability.asu.edu/person/alexandra-brewis-slade
Ronald Broglio, https://sustainability.asu.edu/person/ronald-broglio
Eddie Brown, https://sustainability.asu.edu/person/eddie-brown
Mary Ellen Brown, https://sustainability.asu.edu/person/mary-ellen-brown
Meg Bruening, https://sustainability.asu.edu/person/meg-bruening
Katja Brundiers, https://sustainability.asu.edu/person/katja-brundiers
Harvey Bryan, https://sustainability.asu.edu/person/harvey-bryan
Rajesh Buch, https://sustainability.asu.edu/person/rajesh-buch
Megha Budruk, https://sustainability.asu.edu/person/megha-budruk
James Buizer, https://sustainability.asu.edu/person/james-buizer
Winslow Burleson, https://sustainability.asu.edu/person/winslow-burleson
Shauna BurnSilver, https://sustainability.asu.edu/person/shauna-burnsilver
May Busch, https://sustainability.asu.edu/person/may-busch
Peter Buseck, https://sustainability.asu.edu/person/peter-buseck
Christine Buzinde, https://sustainability.asu.edu/person/christine-buzinde
Peter Byck, https://sustainability.asu.edu/person/peter-byck
Joanne Cacciatore, https://sustainability.asu.edu/person/joanne-cacciatore
Craig Calhoun, https://sustainability.asu.edu/person/craig-calhoun
Ronald Calhoun, https://sustainability.asu.edu/person/ronald-calhoun
K. Selcuk Candan, https://sustainability.asu.edu/person/kasim-candan
Candice Carr Kelman, https://sustainability.asu.edu/person/candice-carr-kelman
Erin Carr-Jordan, https://sustainability.asu.edu/person/erin-carr-jordan
Stephen Carradini, https://sustainability.asu.edu/person/stephen--carradini
Jenny Carter, https://sustainability.asu.edu/person/jenny-nixon-carter
Elizabeth Castillo, https://sustainability.asu.edu/person/elizabeth-castillo
Carlos Castillo-Chavez, https://sustainability.asu.edu/person/carlos-castillo-chavez
Arianne Cease, https://sustainability.asu.edu/person/arianne-cease
Randall Cerveny, https://sustainability.asu.edu/person/randall-cerveny
Evelyn Cesarotti, https://sustainability.asu.edu/person/evelyn-cesarotti
Vijayaraghavan Chariar, https://sustainability.asu.edu/person/vijayaraghavan-chariar
Lauren Chenarides, https://sustainability.asu.edu/person/lauren-chenarides
Chingwen Cheng, https://sustainability.asu.edu/person/chingwen-cheng
Pauline Cheong, https://sustainability.asu.edu/person/pauline-cheong
Mikhail Chester, https://sustainability.asu.edu/person/mikhail-chester
Deepak Chhabra, https://sustainability.asu.edu/person/deepak-chhabra
Nalini Chhetri, https://sustainability.asu.edu/person/nalini-chhetri
Netra Chhetri, https://sustainability.asu.edu/person/netra-chhetri
Dan Childers, https://sustainability.asu.edu/person/dan-childers
Erin Chiou, https://sustainability.asu.edu/person/erin-chiou
Oswald Chong, https://sustainability.asu.edu/person/oswald-chong
Philip Christensen, https://sustainability.asu.edu/person/philip-christensen
Scott Cloutier, https://sustainability.asu.edu/person/scott-cloutier
Joyce Coffee, https://sustainability.asu.edu/person/joyce-coffee
Daniel Collins, https://sustainability.asu.edu/person/daniel-collins
James Collins, https://sustainability.asu.edu/person/james-collins
Scott Collins, https://sustainability.asu.edu/person/scott-collins
Audrey Comstock, https://sustainability.asu.edu/person/audrey-comstock
Otakuye Conroy-Ben, https://sustainability.asu.edu/person/otakuye-conroy-ben
Elizabeth Corley, https://sustainability.asu.edu/person/elizabeth-corley
Steven Corman, https://sustainability.asu.edu/person/steven-corman
Paul Coseo, https://sustainability.asu.edu/person/paul-coseo
Michael Crow, https://sustainability.asu.edu/person/michael-crow
Britt Crow-Miller, https://sustainability.asu.edu/person/britt-crow-miller
Maria Cruz-Torres, https://sustainability.asu.edu/person/maria-cruz-torres
Wanda Dalla Costa, https://sustainability.asu.edu/person/wanda-dalla-costa
Mick Dalrymple, https://sustainability.asu.edu/person/mick-dalrymple
Nicole Darnall, https://sustainability.asu.edu/person/nicole-darnall
Hasan Davulcu, https://sustainability.asu.edu/person/hasan-davulcu
Gregory Dawson, https://sustainability.asu.edu/person/gregory-dawson
Thomas Day, https://sustainability.asu.edu/person/thomas-day
Pamela DeLargy, https://sustainability.asu.edu/person/pamela-delargy
Shuguang Deng, https://sustainability.asu.edu/person/shuguang-deng
Tyler DesRoches, https://sustainability.asu.edu/person/c-tyler-desroches
Pierre Deviche, https://sustainability.asu.edu/person/pierre-deviche
Rodolfo Diaz, https://sustainability.asu.edu/person/rodolfo-diaz
Gary Dirks, https://sustainability.asu.edu/person/gary-dirks
Bradley Doebbeling, https://sustainability.asu.edu/person/bradley-doebbeling
Kevin Dooley, https://sustainability.asu.edu/person/kevin-dooley
Sonya Doucette, https://sustainability.asu.edu/person/sonya-remington-doucette
Thomas Dowling, https://sustainability.asu.edu/person/thomas-dowling
Stacia Dreyer, https://sustainability.asu.edu/person/stacia-dreyer
Iris Drower, https://sustainability.asu.edu/person/iris-drower
Jeffrey Drucker, https://sustainability.asu.edu/person/jeffrey-drucker
Meredith Drum, https://sustainability.asu.edu/person/meredith-drum
Uttaran Dutta, https://sustainability.asu.edu/person/uttaran-dutta
Hallie Eakin, https://sustainability.asu.edu/person/hallie-eakin
Meagan Ehlenz, https://sustainability.asu.edu/person/meagan-ehlenz
Mounir El Asmar, https://sustainability.asu.edu/person/mounir-el-asmar
Lindy Elkins-Tanton, https://sustainability.asu.edu/person/lindy-elkins-tanton
Amanda Ellis, https://sustainability.asu.edu/person/amanda-ellis
Angela Ellsworth, https://sustainability.asu.edu/person/angela-ellsworth
James Elser, https://sustainability.asu.edu/person/james-elser
Monica Elser, https://sustainability.asu.edu/person/monica-elser
Jeffrey Englin, https://sustainability.asu.edu/person/jeffrey-englin
Ivan Ermanoski, https://sustainability.asu.edu/person/ivan-ermanoski
Adolfo Escobedo, https://sustainability.asu.edu/person/adolfo-escobedo
Anthony Falsetti, https://sustainability.asu.edu/person/anthony-falsetti
Chase Farnsworth, https://sustainability.asu.edu/person/chase-farnsworth
David Feary, https://sustainability.asu.edu/person/david-feary
Michelle Fehler, https://sustainability.asu.edu/person/michelle-fehler
Magnus Feil, https://sustainability.asu.edu/person/magnus-feil
Sabine Feisst, https://sustainability.asu.edu/person/sabine-feisst
Eli Fenichel, https://sustainability.asu.edu/person/eli-fenichel
Lara Ferry, https://sustainability.asu.edu/person/lara-ferry
Elham Fini, https://sustainability.asu.edu/person/elham-fini
Elena Finkbeiner, https://sustainability.asu.edu/person/elena-finkbeiner
Edward Finn, https://sustainability.asu.edu/person/edward-finn
Michael Finney, https://sustainability.asu.edu/person/michael-finney
Adelheid Fischer, https://sustainability.asu.edu/person/adelheid-fischer
Daniel Fischer, https://sustainability.asu.edu/person/daniel-fischer
Stuart Fisher, https://sustainability.asu.edu/person/stuart-fisher
Donald Fixico, https://sustainability.asu.edu/person/donald-fixico
Nigel Forrest, https://sustainability.asu.edu/person/nigel-forrest
Stewart Fotheringham, https://sustainability.asu.edu/person/stewart-fotheringham
John Fowler, https://sustainability.asu.edu/person/john-fowler
Peter Fox, https://sustainability.asu.edu/person/peter-fox
Janet Franklin, https://sustainability.asu.edu/person/janet-franklin
Matthew Fraser, https://sustainability.asu.edu/person/matthew-fraser
Amy Frazier, https://sustainability.asu.edu/person/amy-frazier
Sharonah Fredrick, https://sustainability.asu.edu/person/sharonah-fredrick
Stacey Freeman, https://sustainability.asu.edu/person/stacey-freeman
Cody Friesen, https://sustainability.asu.edu/person/cody-friesen
Petra Fromme, https://sustainability.asu.edu/person/petra-fromme
Melanie Gall, https://sustainability.asu.edu/person/melanie--gall
Grady Gammage, https://sustainability.asu.edu/person/grady-gammage
Jonas Gamso, https://sustainability.asu.edu/person/jonas-gamso
Tirupalavanam Ganesh, https://sustainability.asu.edu/person/tirupalavanam-ganesh
Margaret Garcia, https://sustainability.asu.edu/person/margaret-garcia
David Gartner, https://sustainability.asu.edu/person/david-gartner
Roberto Gaxiola, https://sustainability.asu.edu/person/roberto-gaxiola
Matei Georgescu, https://sustainability.asu.edu/person/matei-georgescu
Brian Gerber, https://sustainability.asu.edu/person/brian-gerber
Leah Gerber, https://sustainability.asu.edu/person/leah-gerber
Abraham Gibson, https://sustainability.asu.edu/person/abraham-gibson
Daniel Gilfillan, https://sustainability.asu.edu/person/daniel-gilfillan
Patricia Gober, https://sustainability.asu.edu/person/patricia-gober
Peter Goggin, https://sustainability.asu.edu/person/peter-goggin
Aaron Golub, https://sustainability.asu.edu/person/aaron-golub
Angela Gonzales, https://sustainability.asu.edu/person/angela-gonzales
Stephen Goodnick, https://sustainability.asu.edu/person/stephen-goodnick
Elisabeth Graffy, https://sustainability.asu.edu/person/elisabeth-graffy
David Grau, https://sustainability.asu.edu/person/david-grau
Carola Grebitus, https://sustainability.asu.edu/person/carola-grebitus
Douglas Green, https://sustainability.asu.edu/person/douglas-green
Heather Green, https://sustainability.asu.edu/person/heather-green
Nancy Grimm, https://sustainability.asu.edu/person/nancy-grimm
Susanne Grossman-Clarke, https://sustainability.asu.edu/person/susanne-grossman-clarke
Sandeep Gupta, https://sustainability.asu.edu/person/sandeep-gupta
Kevin Gurney, https://sustainability.asu.edu/person/kevin-gurney
Devens Gust, https://sustainability.asu.edu/person/devens-gust
David Guston, https://sustainability.asu.edu/person/david-guston
Julianna Gwiszcz, https://sustainability.asu.edu/person/julianna-gwiszcz
Edward Hackett, https://sustainability.asu.edu/person/edward-hackett
Joleen Hadrich, https://sustainability.asu.edu/person/joleen-hadrich
Bjoern Hagen, https://sustainability.asu.edu/person/bjoern-hagen
Mark Hager, https://sustainability.asu.edu/person/mark-hager
LaDawn Haglund, https://sustainability.asu.edu/person/ladawn-haglund
Chad Haines, https://sustainability.asu.edu/person/chad-haines
Rolf Halden, https://sustainability.asu.edu/person/rolf-halden
Annie Hale, https://sustainability.asu.edu/person/annie-hale
Michelle Hale, https://sustainability.asu.edu/person/michelle-hale
Sharon Hall, https://sustainability.asu.edu/person/sharon-hall
Michael Hanemann, https://sustainability.asu.edu/person/michael-hanemann
Sharon Harlan, https://sustainability.asu.edu/person/sharon-harlan
John Harlow, https://sustainability.asu.edu/person/john-harlow
Caroline Harrison, https://sustainability.asu.edu/person/caroline-harrison
Hilairy Hartnett, https://sustainability.asu.edu/person/hilairy-hartnett
Lee Hartwell, https://sustainability.asu.edu/person/lee-hartwell
Christopher Hayter, https://sustainability.asu.edu/person/christopher-hayter
Michelle Hegmon, https://sustainability.asu.edu/person/michelle-hegmon
Arjun Heimsath, https://sustainability.asu.edu/person/arjun-heimsath
Mark Henderson, https://sustainability.asu.edu/person/mark-henderson
Wesley Herche, https://sustainability.asu.edu/person/wesley-herche
Pierre Herckes, https://sustainability.asu.edu/person/pierre-herckes
James Hershauer, https://sustainability.asu.edu/person/james-hershauer
Jacqueline Hettel Tidwell, https://sustainability.asu.edu/person/jacqueline-hettel
Gerald Heydt, https://sustainability.asu.edu/person/gerald-heydt
Nicholas Hild, https://sustainability.asu.edu/person/nicholas-hild
Katie Hinde, https://sustainability.asu.edu/person/katie-hinde
Paul Hirt, https://sustainability.asu.edu/person/paul-hirt
Jennifer Hodbod, https://sustainability.asu.edu/person/jennifer-hodbod
James Hodge, https://sustainability.asu.edu/person/james-hodge-jr
Glenn Hoetker, https://sustainability.asu.edu/person/glenn-hoetker
John Hofmeister, https://sustainability.asu.edu/person/john-hofmeister
Heidi Hogden, https://sustainability.asu.edu/person/heidi-hogden
David Hole, https://sustainability.asu.edu/person/dave-hole
Zachary Holman, https://sustainability.asu.edu/person/zachary-holman
David Hondula, https://sustainability.asu.edu/person/david-hondula
Christiana Honsberg, https://sustainability.asu.edu/person/christiana-honsberg
Miroslav Honzak, https://sustainability.asu.edu/person/miroslav-honzak
Steven Hooker, https://sustainability.asu.edu/person/steven-hooker
Philip Horton, https://sustainability.asu.edu/person/philip-horton
Laura Hosman, https://sustainability.asu.edu/person/laura-hosman
Anthony Howell, https://sustainability.asu.edu/person/anthony-howell
Kiril Hristovski, https://sustainability.asu.edu/person/kiril-hristovski
Lily Hsueh, https://sustainability.asu.edu/person/lily-hsueh
Huei-Ping Huang, https://sustainability.asu.edu/person/huei-ping-huang
Renee Hughner, https://sustainability.asu.edu/person/renee-hughner
Tom Hunsaker, https://sustainability.asu.edu/person/tom-hunsaker
Faheem Hussain, https://sustainability.asu.edu/person/faheem-hussain
Andrew Inkpen, https://sustainability.asu.edu/person/andrew-inkpen
Minu Ipe, https://sustainability.asu.edu/person/minu-ipe
David Iwaniec, https://sustainability.asu.edu/person/david-iwaniec
Kirk Jalbert, https://sustainability.asu.edu/person/kirk-jalbert
Timothy James, https://sustainability.asu.edu/person/timothy-james
Marco Janssen, https://sustainability.asu.edu/person/marco-janssen
Megan Jehn, https://sustainability.asu.edu/person/megan-jehn
Adriene Jenik, https://sustainability.asu.edu/person/adriene-jenik
Lekelia Jenkins, https://sustainability.asu.edu/person/lekelia-jenkins
J Johnson, https://sustainability.asu.edu/person/chad-johnson
Nathan Johnson, https://sustainability.asu.edu/person/nathan-johnson
Paul Johnson, https://sustainability.asu.edu/person/paul-johnson
Ryan Johnson, https://sustainability.asu.edu/person/ryan-johnson
Erik Johnston, https://sustainability.asu.edu/person/erik-johnston
Christopher Jones, https://sustainability.asu.edu/person/christopher-jones
Feng Ju, https://sustainability.asu.edu/person/feng-ju
Peter Jurutka, https://sustainability.asu.edu/person/peter-jurutka
Kamil Kaloush, https://sustainability.asu.edu/person/kamil-kaloush
Subbarao Kambhampati, https://sustainability.asu.edu/person/subbarao-kambhampati
Sreetharan Kanthaswamy, https://sustainability.asu.edu/person/sreetharan-kanthaswamy
Lina Karam, https://sustainability.asu.edu/person/lina-karam
Darshan Karwat, https://sustainability.asu.edu/person/darshan-karwat
Edward Kavazanjian, https://sustainability.asu.edu/person/edward-kavazanjian
Braden Kay, https://sustainability.asu.edu/person/braden-kay
Jennifer Keahey, https://sustainability.asu.edu/person/jennifer-keahey
Jonathan Kelman, https://sustainability.asu.edu/person/jonathan-kelman
Douglas Kenrick, https://sustainability.asu.edu/person/douglas-kenrick
Sara Khoeini, https://sustainability.asu.edu/person/sara-khoeini
Sayfe Kiaei, https://sustainability.asu.edu/person/sayfe-kiaei
Gunwoo Kim, https://sustainability.asu.edu/person/gunwoo-kim
Yeowon Kim, https://sustainability.asu.edu/person/yeowon-kim
Yushim Kim, https://sustainability.asu.edu/person/yushim-kim
Keith Kintigh, https://sustainability.asu.edu/person/keith-kintigh
Ann Kinzig, https://sustainability.asu.edu/person/ann-kinzig
Andrew Kirby, https://sustainability.asu.edu/person/andrew-kirby
Robert Kirsch, https://sustainability.asu.edu/person/robert-kirsch
Sally Kitch, https://sustainability.asu.edu/person/sally-kitch
Jack Kittinger, https://sustainability.asu.edu/person/jack-kittinger
Mark Klett, https://sustainability.asu.edu/person/mark-klett
Barbara Klimek, https://sustainability.asu.edu/person/barbara-klimek
Sonja Klinsky, https://sustainability.asu.edu/person/sonja-klinsky
Jeffrey Klopatek, https://sustainability.asu.edu/person/jeffrey-klopatek
Richard Knopf, https://sustainability.asu.edu/person/richard-knopf
Jonathan Koppell, https://sustainability.asu.edu/person/jonathan-koppell
Auriane Koster, https://sustainability.asu.edu/person/auriane-koster
Rosa Krajmalnik-Brown, https://sustainability.asu.edu/person/rosa-krajmalnik-brown
Kailin Kroetz, https://sustainability.asu.edu/person/kailin-kroetz
Lauren Kuby, https://sustainability.asu.edu/person/lauren-kuby
Michael Kuby, https://sustainability.asu.edu/person/michael-kuby
Nicolai Kuminoff, https://sustainability.asu.edu/person/nicolai-kuminoff
Klaus Lackner, https://sustainability.asu.edu/person/klaus-lackner
Anthony Lamanna, https://sustainability.asu.edu/person/anthony-lamanna
Peter Lammers, https://sustainability.asu.edu/person/peter-lammers
Adam Lampert, https://sustainability.asu.edu/person/adam-lampert
Amy Landis, https://sustainability.asu.edu/person/amy-landis
Francisco Lara-Valencia, https://sustainability.asu.edu/person/francisco-lara-valencia
Linda Larkey, https://sustainability.asu.edu/person/linda-larkey
Elizabeth Larson, https://sustainability.asu.edu/person/elizabeth-larson
Kelli Larson, https://sustainability.asu.edu/person/kelli-larson
Rhett Larson, https://sustainability.asu.edu/person/rhett-larson
Manfred Laubichler, https://sustainability.asu.edu/person/manfred-laubichler
Christine Lee, https://sustainability.asu.edu/person/christina-lee
Rebecca Lee, https://sustainability.asu.edu/person/rebecca-lee
Bryan Leonard, https://sustainability.asu.edu/person/bryan-leonard
Neal Lester, https://sustainability.asu.edu/person/neal-lester
Anthony Levenda, https://sustainability.asu.edu/person/anthony-levenda
Jesse Lewis, https://sustainability.asu.edu/person/jesse-lewis
Wei Li, https://sustainability.asu.edu/person/wei-li
Wenwen Li, https://sustainability.asu.edu/person/wenwen-li
Chuan Liao, https://sustainability.asu.edu/person/chuan-liao
Mary Lind, https://sustainability.asu.edu/person/mary-lind
Stuart Lindsay, https://sustainability.asu.edu/person/stuart-lindsay
Heather Lineberry, https://sustainability.asu.edu/person/heather-lineberry
Huan Liu, https://sustainability.asu.edu/person/huan-liu
Jingyue Liu, https://sustainability.asu.edu/person/jingyue-liu
Jose Lobo, https://sustainability.asu.edu/person/jose-lobo
Joshua Loughman, https://sustainability.asu.edu/person/joshua-loughman
Joanna Lucio, https://sustainability.asu.edu/person/joanna-lucio
Mark Lussier, https://sustainability.asu.edu/person/mark-lussier
Myles Lynk, https://sustainability.asu.edu/person/myles-lynk
Joshua MacFadyen, https://sustainability.asu.edu/person/joshua-mcfadyen
Alex Mahalov, https://sustainability.asu.edu/person/alex-mahalov
Maren Mahoney, https://sustainability.asu.edu/person/maren-mahoney
Jane Maienschein, https://sustainability.asu.edu/person/jane-maienschein
David Manuel-Navarrete, https://sustainability.asu.edu/person/david-manuel-navarrete
Andrew Mara, https://sustainability.asu.edu/person/andrew--mara
George Maracas, https://sustainability.asu.edu/person/george-maracas
Gary Marchant, https://sustainability.asu.edu/person/gary-marchant
Andrew Marcus, https://sustainability.asu.edu/person/andrew-marcus
Chris Martin, https://sustainability.asu.edu/person/chris-martin
Hamidreza Marvi, https://sustainability.asu.edu/person/hamidreza--marvi
Giuseppe Mascaro, https://sustainability.asu.edu/person/giuseppe-mascaro
Kristin Mayes, https://sustainability.asu.edu/person/kristin-mayes
Andrew Maynard, https://sustainability.asu.edu/person/andrew-maynard
Martha McCartney, https://sustainability.asu.edu/person/martha-mccartney
John McGowen, https://sustainability.asu.edu/person/john-mcgowen
Joan McGregor, https://sustainability.asu.edu/person/joan-mcgregor
Kevin McHugh, https://sustainability.asu.edu/person/kevin-mchugh
Thomas McShane, https://sustainability.asu.edu/person/thomas-mcshane
Sara Meerow, https://sustainability.asu.edu/person/sara-meerow
Mauricio Mejia, https://sustainability.asu.edu/person/mauricio-mejia
Deirdre Meldrum, https://sustainability.asu.edu/person/deirdre-meldrum
Rob Melnick, https://sustainability.asu.edu/person/rob-melnick
Jose Menendez, https://sustainability.asu.edu/person/jose-menendez
Kathleen Merrigan, https://sustainability.asu.edu/person/kathleen-merrigan
Eileen Merritt, https://sustainability.asu.edu/person/eileen-merritt
Genevieve Metson, https://sustainability.asu.edu/person/genevieve-metson
Ariane Middel, https://sustainability.asu.edu/person/ariane-middel
Manjana Milkoreit, https://sustainability.asu.edu/person/manjana-milkoreit
Clark Miller, https://sustainability.asu.edu/person/clark-miller
James Miller, https://sustainability.asu.edu/person/james-miller
Thad Miller, https://sustainability.asu.edu/person/thaddeus-miller
Ben Minteer, https://sustainability.asu.edu/person/ben-minteer
Pitu Mirchandani, https://sustainability.asu.edu/person/pitu-mirchandani
Ashok Mishra, https://sustainability.asu.edu/person/ashok-mishra
Felicia Mitchell, https://sustainability.asu.edu/person/felicia-mitchell
Barzin Mobasher, https://sustainability.asu.edu/person/barzin-mobasher
Sian Mooney, https://sustainability.asu.edu/person/sian-mooney
Ana Moore, https://sustainability.asu.edu/person/ana-moore
Gary Moore, https://sustainability.asu.edu/person/gary-moore
Tom Moore, https://sustainability.asu.edu/person/tom-moore
Christopher Morehart, https://sustainability.asu.edu/person/christopher-morehart
Traci Morris, https://sustainability.asu.edu/person/traci-morris
Karen Mossberger, https://sustainability.asu.edu/person/karen-mossberger
Mohamed Moustaoui, https://sustainability.asu.edu/person/mohamed-moustaoui
Valerie Mueller, https://sustainability.asu.edu/person/valerie-mueller
Rebecca Muenich, https://sustainability.asu.edu/person/rebecca-muenich
Rachata Muneepeerakul, https://sustainability.asu.edu/person/rachata-muneepeerakul
Ellen Murray Meissinger, https://sustainability.asu.edu/person/ellen-murray-meissinger
Alvin Mushkatel, https://sustainability.asu.edu/person/alvin-mushkatel
Soe Myint, https://sustainability.asu.edu/person/soe-myint
Tess Neal, https://sustainability.asu.edu/person/tess-neal
Narayanan Neithalath, https://sustainability.asu.edu/person/narayanan-neithalath
Ben Nelson, https://sustainability.asu.edu/person/ben-nelson
Margaret Nelson, https://sustainability.asu.edu/person/margaret-nelson
Trisalyn Nelson, https://sustainability.asu.edu/person/trisalyn-nelson
Steven Neuberg, https://sustainability.asu.edu/person/steven-neuberg
Susanne Neuer, https://sustainability.asu.edu/person/susanne-neuer
Nathan Newman, https://sustainability.asu.edu/person/nathan-newman
David Nielsen, https://sustainability.asu.edu/person/david-nielsen
Cun-Zheng Ning, https://sustainability.asu.edu/person/cun-zheng-ning
Gyan Nyaupane, https://sustainability.asu.edu/person/gyan-nyaupane
George Obeng, https://sustainability.asu.edu/person/george-obeng
Punam Ohri-Vachaspati, https://sustainability.asu.edu/person/punam-ohri-vachaspati
Larry Olson, https://sustainability.asu.edu/person/larry-olson
Nuri Onat, https://sustainability.asu.edu/person/nuri-onat
Ileana Orlich, https://sustainability.asu.edu/person/ileana-orlich
Rick Overson, https://sustainability.asu.edu/person/rick-overson
Robert Page, https://sustainability.asu.edu/person/robert-page
Garth Paine, https://sustainability.asu.edu/person/garth-paine
Suzanne Palmieri, https://sustainability.asu.edu/person/suzanne-palmieri
Sethuraman Panchanathan, https://sustainability.asu.edu/person/sethuraman-panchanathan
John Parker, https://sustainability.asu.edu/person/john-parker
Nathan Parker, https://sustainability.asu.edu/person/nathan-parker
Mary Jane Parmentier, https://sustainability.asu.edu/person/mary-jane-parmentier
Kristen Parrish, https://sustainability.asu.edu/person/kristen-parrish
Martin Pasqualetti, https://sustainability.asu.edu/person/martin-pasqualetti
Theodore Pavlic, https://sustainability.asu.edu/person/ted-pavlic
David Pearson, https://sustainability.asu.edu/person/david-pearson
Giulia Pedrielli, https://sustainability.asu.edu/person/giulia-pedrielli
Ram Pendyala, https://sustainability.asu.edu/person/ram-pendyala
Clint Penick, https://sustainability.asu.edu/person/clint-penick
Christopher Penton, https://sustainability.asu.edu/person/c-ryan-penton
Francois Perreault, https://sustainability.asu.edu/person/francois-perreault
Charles Perrings, https://sustainability.asu.edu/person/charles-perrings
Darren Petrucci, https://sustainability.asu.edu/person/darren-petrucci
Deirdre Pfeiffer, https://sustainability.asu.edu/person/deirdre-pfeiffer
Stephanie Pfirman, https://sustainability.asu.edu/person/stephanie-pfirman
Patrick Phelan, https://sustainability.asu.edu/person/patrick-phelan
K. David Pijawka, https://sustainability.asu.edu/person/k-pijawka
Katie Pine, https://sustainability.asu.edu/person/katie-pine
Beth Polidoro, https://sustainability.asu.edu/person/beth-polidoro
Fernando Ponce, https://sustainability.asu.edu/person/fernando-ponce
Rosimeiry Portela, https://sustainability.asu.edu/person/rosimeiry-portela
Sandra Price, https://sustainability.asu.edu/person/sandra-price
Antonios Printezis, https://sustainability.asu.edu/person/antonios-printezis
Paul Prosser, https://sustainability.asu.edu/person/paul-prosser
Thomas Puleo, https://sustainability.asu.edu/person/thomas-puleo
Stephen Pyne, https://sustainability.asu.edu/person/stephen-pyne
Ray Quay, https://sustainability.asu.edu/person/ray-quay
B Ramakrishna, https://sustainability.asu.edu/person/b-ramakrishna
Kannan Ramaswamy, https://sustainability.asu.edu/person/kannan-ramaswamy
T. Agami Reddy, https://sustainability.asu.edu/person/t-agami-reddy
Charles Redman, https://sustainability.asu.edu/person/charles-redman
Erin Redman, https://sustainability.asu.edu/person/erin-frisk-redman
Charles Reeves, https://sustainability.asu.edu/person/charles-reeves
Duke Reiter, https://sustainability.asu.edu/person/wellington-duke-reiter
Patricia Reiter, https://sustainability.asu.edu/person/patricia-reiter
Timothy Richards, https://sustainability.asu.edu/person/timothy-richards
Jennifer Richter, https://sustainability.asu.edu/person/jennifer-richter
Bruce Rittmann, https://sustainability.asu.edu/person/bruce-rittmann
Sandra Rodegher, https://sustainability.asu.edu/person/sandra-rodegher
Brad Rogers, https://sustainability.asu.edu/person/brad-rogers
Mark Roseland, https://sustainability.asu.edu/person/mark-roseland
Heather Ross, https://sustainability.asu.edu/person/heather-ross
Helen Rowe, https://sustainability.asu.edu/person/helen-rowe
Benjamin Ruddell, https://sustainability.asu.edu/person/benjamin-ruddell
Troy Rule, https://sustainability.asu.edu/person/troy-rule
John Sabo, https://sustainability.asu.edu/person/john-sabo
David Sailor, https://sustainability.asu.edu/person/david-sailor
Osvaldo Sala, https://sustainability.asu.edu/person/osvaldo-sala
Francisco Salamanca Palou, https://sustainability.asu.edu/person/francisco-salamanca-palou
Deborah Salon, https://sustainability.asu.edu/person/deborah-salon
David Sampson, https://sustainability.asu.edu/person/david-sampson
Todd Sandrin, https://sustainability.asu.edu/person/todd-sandrin
Marco Saraniti, https://sustainability.asu.edu/person/marco-saraniti
Bruno Sarda, https://sustainability.asu.edu/person/bruno-sarda
Daniel Sarewitz, https://sustainability.asu.edu/person/daniel-sarewitz
Peter Schlosser, https://sustainability.asu.edu/person/peter-schlosser
Troy Schmitz, https://sustainability.asu.edu/person/troy-schmitz
Matthew Scholz, https://sustainability.asu.edu/person/matthew-scholz
Michael Schoon, https://sustainability.asu.edu/person/michael-schoon
Roseanne Schuster, https://sustainability.asu.edu/person/roseanne-schuster
Thomas Seager, https://sustainability.asu.edu/person/thomas-seager
Jorge Sefair, https://sustainability.asu.edu/person/jorge-sefair
Cynthia Selin, https://sustainability.asu.edu/person/cynthia-selin
Nancy Selover, https://sustainability.asu.edu/person/nancy-selover
Steven Semken, https://sustainability.asu.edu/person/steven-semken
Jesse Senko, https://sustainability.asu.edu/person/jesse-senko
Xin Wei Sha, https://sustainability.asu.edu/person/xin-wei-sha
Stephen Shaffer, https://sustainability.asu.edu/person/stephen-shaffer
R Shangraw, https://sustainability.asu.edu/person/rf-shangraw-jr
Glenn Sheriff, https://sustainability.asu.edu/person/glenn-sheriff
Everett Shock, https://sustainability.asu.edu/person/everett-shock
Milan Shrestha, https://sustainability.asu.edu/person/milan-shrestha
Shade Shutters, https://sustainability.asu.edu/person/shade-shutters
Iveta Silova, https://sustainability.asu.edu/person/iveta-silova
Michael Simeone, https://sustainability.asu.edu/person/michael-simeone
Anne Simmons-Benton, https://sustainability.asu.edu/person/anne-simmons-benton
Andrew Smith, https://sustainability.asu.edu/person/andrew-smith
David Smith, https://sustainability.asu.edu/person/david-smith
Kerry Smith, https://sustainability.asu.edu/person/kerry-smith
Andreas Spanias, https://sustainability.asu.edu/person/andreas-spanias
Susan Spierre Clark, https://sustainability.asu.edu/person/susan-spierre-clark
Kyle Squires, https://sustainability.asu.edu/person/kyle-squires
Dimitrios Stampoulis, https://sustainability.asu.edu/person/dimitrios-stampoulis
Jan Stanley, https://sustainability.asu.edu/person/jan-stanley
Ellen Stechel, https://sustainability.asu.edu/person/ellen-stechel
Kelly Steele, https://sustainability.asu.edu/person/kelly-steele
George Stephanopoulos, https://sustainability.asu.edu/person/george-stephanopoulos
Beckett Sterner, https://sustainability.asu.edu/person/beckett-sterner
Justin Stritch, https://sustainability.asu.edu/person/justin-stritch
Juliet Stromberg, https://sustainability.asu.edu/person/juliet-stromberg
Deborah Strumsky, https://sustainability.asu.edu/person/deborah-strumsky
Jean Stutz, https://sustainability.asu.edu/person/jean-stutz
Brian Sullivan, https://sustainability.asu.edu/person/brian-sullivan
Mary Sully de Luque, https://sustainability.asu.edu/person/mary-sully-de-luque
Percy Summers, https://sustainability.asu.edu/person/percy-summers
Tod Swanson, https://sustainability.asu.edu/person/tod-swanson
Ken Sweat, https://sustainability.asu.edu/person/ken-sweat
Violet Syrotiuk, https://sustainability.asu.edu/person/violet-syrotiuk
John Takamura, https://sustainability.asu.edu/person/john-takamura
Meng Tao, https://sustainability.asu.edu/person/meng-tao
Philip Tarrant, https://sustainability.asu.edu/person/philip-tarrant
Luke Tate, https://sustainability.asu.edu/person/luke-tate
Thomas Taylor, https://sustainability.asu.edu/person/thomas-taylor
Colin Tetreault, https://sustainability.asu.edu/person/colin-tetreault
Heather Throop, https://sustainability.asu.edu/person/heather-throop
Crispin Tickell, https://sustainability.asu.edu/person/sir-crispin-tickell
Dallen Timothy, https://sustainability.asu.edu/person/dallen-timothy
Hava Tirosh-Samuelson, https://sustainability.asu.edu/person/hava-samuelson
Daoqin Tong, https://sustainability.asu.edu/person/daoqin-tong
Cesar Torres, https://sustainability.asu.edu/person/cesar-torres
Sarah Tracy, https://sustainability.asu.edu/person/sarah-tracy
Mai Trinh, https://sustainability.asu.edu/person/mai-trinh
Kong-Thon Tsen, https://sustainability.asu.edu/person/kong-thon-tsen
Rebecca Tsosie, https://sustainability.asu.edu/person/rebecca-tsosie
Billie Turner, https://sustainability.asu.edu/person/billie-turner-ii
Tim Tyrrell, https://sustainability.asu.edu/person/tim-tyrrell
Sander van der Leeuw, https://sustainability.asu.edu/person/sander-van-der-leeuw
Mark van Schilfgaarde, https://sustainability.asu.edu/person/mark-van-schilfgaarde
Jennifer Vanos, https://sustainability.asu.edu/person/jennifer-vanos
Dragica Vasileska, https://sustainability.asu.edu/person/dragica-vasileska
Willem Vermaas, https://sustainability.asu.edu/person/willem-vermaas
Vijay Vittal, https://sustainability.asu.edu/person/vijay-vittal
Juliann Vitullo, https://sustainability.asu.edu/person/juliann-vitullo
Enrique Vivoni, https://sustainability.asu.edu/person/enrique-vivoni
Christine Vogt, https://sustainability.asu.edu/person/christine-vogt
Zhihua Wang, https://sustainability.asu.edu/person/zhihua-wang
Karen Watanabe, https://sustainability.asu.edu/person/karen-watanabe
Andrew Webber, https://sustainability.asu.edu/person/andrew-webber
Douglas Webster, https://sustainability.asu.edu/person/douglas-webster
Andrea Weinberg, https://sustainability.asu.edu/person/andrea-weinberg
Taylor Weiss, https://sustainability.asu.edu/person/taylor-weiss
Eric Welch, https://sustainability.asu.edu/person/eric-welch
Elizabeth Wentz, https://sustainability.asu.edu/person/elizabeth-wentz
Paul Westerhoff, https://sustainability.asu.edu/person/paul-westerhoff
Jameson Wetmore, https://sustainability.asu.edu/person/jameson-wetmore
Christopher Wharton, https://sustainability.asu.edu/person/christopher-wharton
Dave White, https://sustainability.asu.edu/person/dave-white
Philip White, https://sustainability.asu.edu/person/philip-white
Arnim Wiek, https://sustainability.asu.edu/person/arnim-wiek
Lauren Withycombe Keeler, https://sustainability.asu.edu/person/lauren-withycombe-keeler
Neal Woodbury, https://sustainability.asu.edu/person/neal-woodbury
Marek Wosinski, https://sustainability.asu.edu/person/marek-wosinski
Allen Wright, https://sustainability.asu.edu/person/allen-wright
Jianguo Wu, https://sustainability.asu.edu/person/jianguo-wu
Amber Wutich, https://sustainability.asu.edu/person/amber-wutich
Tianfang Xu, https://sustainability.asu.edu/person/tianfang-xu
Abigail York, https://sustainability.asu.edu/person/abigail-york
Hongbin Yu, https://sustainability.asu.edu/person/hongbin-yu
Alaina Zanin, https://sustainability.asu.edu/person/alaina-zanin
Claudia Zapata, https://sustainability.asu.edu/person/claudia-zapata
Yong Hang Zhang, https://sustainability.asu.edu/person/yong-hang-zhang
