Name,URL
Morteza Abbaszadegan,https://www.linkedin.com/in/morteza-abbaszadegan-1a43172/
David Abbott,https://www.linkedin.com/in/d-lukeabbott/
Joshua Abbott,https://www.linkedin.com/in/joshua-abbott-10620a10a/
Kenneth Abbott,https://www.linkedin.com/in/kenneth-w-abbott-0662595/
Marc Adams,https://www.linkedin.com/in/marc-adams-aba69a20/
Joni Adamson,https://www.linkedin.com/in/joni-adamson-b2004496/
Ambika Adhikari,https://www.linkedin.com/in/ambika-p-adhikari-aicp-6464aa12/
Rimjhim Aggarwal,https://www.linkedin.com/in/rimjhim-aggarwal-2b0846162/
Datu Buyung Agusdinata,
Jorge Ahumada,https://www.linkedin.com/in/jorge-ahumada-609095191/
Barbara Ainsworth,https://www.linkedin.com/in/barb-ainsworth-4682ba19/
Athena Aktipis,https://www.linkedin.com/in/athena-aktipis-5343803b/
Braden Allenby,
Lauren Allsopp,https://www.linkedin.com/in/lauren-allsopp-1106606/
Philip Allsopp,https://www.linkedin.com/in/phil-allsopp-8a40843/
Absar Alum,https://www.linkedin.com/in/absar-alum-063aa915/
Julie Anand,https://www.linkedin.com/in/julie-anand-632b8913/
Ariel Anbar,https://www.linkedin.com/in/ariel-anbar/
Kathleen Andereck,https://www.linkedin.com/in/kathleen-andereck-19669990/
Marty Anderies,
James Anderson,https://www.linkedin.com/in/james-anderson-28938426/
Jean Andino,https://www.linkedin.com/in/jean-andino-012899a8/
David Androff,
Michael Angilletta,
Leanna Archambault,https://www.linkedin.com/in/leanna-archambault-ph-d-68120ab/
Samuel Ariaratnam,https://www.linkedin.com/in/samuel-ariaratnam-783332/
Gregory Asner,
Robert Atkinson,https://www.linkedin.com/in/robert-atkinson-87598b3b/
Shirley-Ann Augustin-Behravesh,https://www.linkedin.com/in/shirleyannbehravesh/
Bruce Baikie,https://www.linkedin.com/in/bruce-baikie-02649/
Becky Ball,https://www.linkedin.com/in/beckysball/
Robert Balling,https://www.linkedin.com/in/robert-balling-21a6b14/
Scott Barclay,https://www.linkedin.com/in/scott-barclay-2319b3124/
Michael Barton,https://www.linkedin.com/in/michael-barton-27821b26/
Howard Bashford,https://www.linkedin.com/in/howard-bashford-99860912/
George Basile,
Sir Jonathan Bate,
Heather Bateman,https://www.linkedin.com/in/heather-bateman-68341013/
Denise Bates,https://www.linkedin.com/in/denise-e-bates-ph-d-2550588/
Tatiana Batova,https://www.linkedin.com/in/tatiana-batova-56b5aa3/
Dayna Baumeister,
Julia Bausch,https://www.linkedin.com/in/juliacbausch/
Aryn Baxter,
Ira Bennett,https://www.linkedin.com/in/ira-bennett-37519a35/
Nina Berman,https://www.linkedin.com/in/ninaaberman/
Andrew Bernier,
Mark Bernstein,https://www.linkedin.com/in/mabernst/
Michael Bernstein,https://www.linkedin.com/in/michael-bernstein-10ab5517/
Evan Berry,
Mariana Bertoni,https://www.linkedin.com/in/mariana-bertoni-929729/
Steven Beschloss,https://www.linkedin.com/in/stevenbeschloss/
Candace Black,
Nadya Bliss,https://www.linkedin.com/in/nadya-bliss-a3a60a61/
Daniel Bodansky,https://www.linkedin.com/in/daniel-bodansky-202b8128/
Bob Bolin,
Christopher Boone,https://www.linkedin.com/in/christophergboone/
Prasad Boradkar,
Stuart Bowden,https://www.linkedin.com/in/stuart-bowden-32130681/
Diana Bowman,https://www.linkedin.com/in/diana-m-bowman-a2613855/
Treavor Boyer,
Karen Bradshaw,https://www.linkedin.com/in/karen-bradshaw-4268b217b/
Ward Brady,
Elizabeth Brake,
Bryan Brayboy,
Anthony Brazel,https://www.linkedin.com/in/anthony-brazel-9502b55/
Hanna Breetz,https://www.linkedin.com/in/hanna-breetz-a128a92b/
Alexandra Brewis-Slade,https://www.linkedin.com/in/alexandra-brewis-slade-a7396ab/
Ronald Broglio,https://www.linkedin.com/in/ron-broglio-10a1901/
Eddie Brown,https://www.linkedin.com/in/eddie-brown-4b735a37/
Mary Ellen Brown,
Meg Bruening,https://www.linkedin.com/in/meg-bruening-phd-mph-rd-2a2a6a47/
Katja Brundiers,https://www.linkedin.com/in/katja-brundiers-1977173/
Harvey Bryan,https://www.linkedin.com/in/harvey-bryan-85aa846/
Rajesh Buch,https://www.linkedin.com/in/rajesh-buch-3a72411/
Megha Budruk,
James Buizer,https://www.linkedin.com/in/james-l-buizer-a716173/
Winslow Burleson,https://www.linkedin.com/in/winslow-burleson-b424562/
Shauna BurnSilver,https://www.linkedin.com/in/shauna-burnsilver-57035b7b/
May Busch,https://www.linkedin.com/in/maybusch/
Peter Buseck,https://www.linkedin.com/in/peter-buseck-9b04401a9/
Christine Buzinde,https://www.linkedin.com/in/christine-buzinde-53681111/
Peter Byck,https://www.linkedin.com/in/peter-byck-821a482/
Joanne Cacciatore,https://www.linkedin.com/in/drjoanne/
Craig Calhoun,https://www.linkedin.com/in/craig-calhoun-3709aa4/
Ronald Calhoun,https://www.linkedin.com/in/ronald-calhoun-08298379/
K. Selcuk Candan,https://www.linkedin.com/in/kscandan/
Candice Carr Kelman,https://www.linkedin.com/in/candicecarrkelman/
Erin Carr-Jordan,https://www.linkedin.com/in/erin-carr-jordan-ph-d-64082111/
Stephen Carradini,https://www.linkedin.com/in/carradini/
Jenny Carter,https://www.linkedin.com/in/jenny-n-carter/
Elizabeth Castillo,https://www.linkedin.com/in/elizabeth-castillo-phd/
Carlos Castillo-Chavez,https://www.linkedin.com/in/carlos-castillo-chavez/
Arianne Cease,https://www.linkedin.com/in/arianne-cease-899b187/
Randall Cerveny,https://www.linkedin.com/in/randall-cerveny-2b154a3a/
Evelyn Cesarotti,https://www.linkedin.com/in/evelyn-cesarotti-417702b/
Vijayaraghavan Chariar,https://www.linkedin.com/in/chariarv/
Lauren Chenarides,https://www.linkedin.com/in/laurenchenarides/
Chingwen Cheng,https://www.linkedin.com/in/cwcheng/
Pauline Cheong,https://www.linkedin.com/in/pauline-cheong/
Mikhail Chester,https://www.linkedin.com/in/mikhailchester/
Deepak Chhabra,https://www.linkedin.com/in/deepak-chhabra-735310b5/
Nalini Chhetri,
Netra Chhetri,https://www.linkedin.com/in/netra-chhetri-233b5826/
Dan Childers,https://www.linkedin.com/in/dan-childers-43b29311/
Erin Chiou,https://www.linkedin.com/in/erinchiou/
Oswald Chong,https://www.linkedin.com/in/oswald-chong-4a491710/
Philip Christensen,https://www.linkedin.com/in/phillip-christensen-014433a6/
Scott Cloutier,https://www.linkedin.com/in/scottcloutier/
Joyce Coffee,https://www.linkedin.com/in/joycecoffee/
Daniel Collins,https://www.linkedin.com/in/dan-collins-1328153/
James Collins,https://www.linkedin.com/in/james-collins-083803104/
Scott Collins,https://www.linkedin.com/in/scott-allen-collins/
Audrey Comstock,https://www.linkedin.com/in/audrey-comstock-71372414/
Otakuye Conroy-Ben,
Elizabeth Corley,https://www.linkedin.com/in/elizabeth-a-corley-08b7782/
Steven Corman,https://www.linkedin.com/in/steve-corman-8049624/
Paul Coseo,https://www.linkedin.com/in/paul-coseo-ph-d-pla-6285a178/
Michael Crow,https://www.linkedin.com/in/michaelmcrow/
Britt Crow-Miller,https://www.linkedin.com/in/brittpennington/
Maria Cruz-Torres,https://www.linkedin.com/in/maria-cruz-torres-720ab71b/
Wanda Dalla Costa,https://www.linkedin.com/in/rqarc/
Mick Dalrymple,https://www.linkedin.com/in/mick-dalrymple-12173b/
Nicole Darnall,https://www.linkedin.com/in/nvalentyne/
Hasan Davulcu,https://www.linkedin.com/in/hasan-davulcu-8730163/
Gregory Dawson,https://www.linkedin.com/in/greg-dawson-183516/
Thomas Day,https://www.linkedin.com/in/themiscapgroup/
Pamela DeLargy,https://www.linkedin.com/in/pamela-delargy-0a61295/
Shuguang Deng,https://www.linkedin.com/in/shuguang-deng-3a655113/
Tyler DesRoches,https://www.linkedin.com/in/tyler-desroches-67905513b/
Pierre Deviche,
Rodolfo Diaz,https://www.linkedin.com/in/rodolfo-diaz-928aa51a3/
Gary Dirks,https://www.linkedin.com/in/garydirks/
Bradley Doebbeling,https://www.linkedin.com/in/bdoebbeling/
Kevin Dooley,https://www.linkedin.com/in/kevin-dooley-1671a8/
Sonya Doucette,https://www.linkedin.com/in/sonya-doucette-5312b4160/
Thomas Dowling,https://www.linkedin.com/in/tom-dowling-70b71845/
Stacia Dreyer,https://www.linkedin.com/in/stacia-dreyer/
Iris Drower,https://www.linkedin.com/in/iris-drower-90983716b/
Jeffrey Drucker,https://www.linkedin.com/in/jeffrey-drucker-27649016/
Meredith Drum,https://www.linkedin.com/in/meredithdrum/
Uttaran Dutta,https://www.linkedin.com/in/uttaran-dutta-5b3b6a1/
Hallie Eakin,https://www.linkedin.com/in/hallie-eakin-7795a911/
Meagan Ehlenz,https://www.linkedin.com/in/meagan-ehlenz-phd-aicp-26796a17/
Mounir El Asmar,https://www.linkedin.com/in/azcf/
Lindy Elkins-Tanton,
Amanda Ellis,https://www.linkedin.com/in/amanda-ellis-lvnlf33/
Angela Ellsworth,https://www.linkedin.com/in/angela-ellsworth-1a7a204/
James Elser,https://www.linkedin.com/in/jamie-elser-b9883823/
Monica Elser,https://www.linkedin.com/in/monica-baiza-elser-5663829/
Jeffrey Englin,https://www.linkedin.com/in/jeffrey-englin-580b969b/
Ivan Ermanoski,
Adolfo Escobedo,https://www.linkedin.com/in/adolfo-r-escobedo-24930817/
Anthony Falsetti,https://www.linkedin.com/in/afalsetti/
Chase Farnsworth,https://www.linkedin.com/in/chasefarnsworth/
David Feary,https://www.linkedin.com/in/david-feary-81a60870/
Michelle Fehler,https://www.linkedin.com/in/michelle-fehler-638ab37/
Magnus Feil,https://www.linkedin.com/in/magnusfeil/
Sabine Feisst,https://www.linkedin.com/in/sabine-feisst-13115bb/
Eli Fenichel,https://www.linkedin.com/in/eli-fenichel-9406b183/
Lara Ferry,https://www.linkedin.com/in/laraferry/
Elham Fini,https://www.linkedin.com/in/elham-ellie-fini-06845b6b/
Elena Finkbeiner,https://www.linkedin.com/in/elena-finkbeiner-523241b0/
Edward Finn,https://www.linkedin.com/in/ed-finn/
Michael Finney,https://www.linkedin.com/in/michael-finney-5b15b324/
Adelheid Fischer,https://www.linkedin.com/in/adelheid-fischer-1b704527/
Daniel Fischer,https://www.linkedin.com/in/daniel-fischer-69017725/
Stuart Fisher,https://www.linkedin.com/in/stuart-fisher-49715632/
Donald Fixico,https://www.linkedin.com/in/donald-fixico-01666b65/
Nigel Forrest,https://www.linkedin.com/in/nigel-forrest-aa88b068/
Stewart Fotheringham,https://www.linkedin.com/in/stewart-fotheringham-950b0b31/
John Fowler,https://www.linkedin.com/in/john-fowler-9aa6208/
Peter Fox,https://www.linkedin.com/in/peter-fox-1b09a57/
Janet Franklin,https://www.linkedin.com/in/janet-franklin-551b26a/
Matthew Fraser,https://www.linkedin.com/in/matthew-c-fraser/
Amy Frazier,https://www.linkedin.com/in/amy-frazier-2269b74a/
Sharonah Fredrick,https://www.linkedin.com/in/sharonah-fredrick-83471b66/
Stacey Freeman,https://www.linkedin.com/in/stacy-freeman/
Cody Friesen,https://www.linkedin.com/in/codyfriesen/
Petra Fromme,https://www.linkedin.com/in/petra-fromme-10694660/
Melanie Gall,https://www.linkedin.com/in/mgall/
Grady Gammage,https://www.linkedin.com/in/grady-gammage-jr-409a1011/
Jonas Gamso,https://www.linkedin.com/in/jonas-gamso-9694b223/
Tirupalavanam Ganesh,https://www.linkedin.com/in/tirupalavanam-ganesh/
Margaret Garcia,https://www.linkedin.com/in/margaret-garcia-79489337/
David Gartner,https://www.linkedin.com/in/david-gartner-3a483084/
Roberto Gaxiola,https://www.linkedin.com/in/roberto-gaxiola-34363927/
Matei Georgescu,https://www.linkedin.com/in/georgescu-matei-aba20a6/
Brian Gerber,https://www.linkedin.com/in/brian-gerber-a8110361/
Leah Gerber,https://www.linkedin.com/in/leah-gerber-5b9b82/
Abraham Gibson,https://www.linkedin.com/in/abraham-gibson/
Daniel Gilfillan,https://www.linkedin.com/in/daniel-gilfillan-b8b4b992/
Patricia Gober,https://www.linkedin.com/in/patricia-gober-b7a28b6a/
Peter Goggin,https://www.linkedin.com/in/peter-goggin/
Aaron Golub,https://www.linkedin.com/in/aaron-golub-33b22aa8/
Angela Gonzales,https://www.linkedin.com/in/angela-gonzales-3a41912b/
Stephen Goodnick,https://www.linkedin.com/in/stephen-goodnick-0b75a670/
Elisabeth Graffy,https://www.linkedin.com/in/elisabeth-graffy-23188717/
David Grau,https://www.linkedin.com/in/david-grau-4b95051/
Carola Grebitus,https://www.linkedin.com/in/carola-grebitus-98b5049/
Douglas Green,https://www.linkedin.com/in/douglas-green-21179363/
Heather Green,https://www.linkedin.com/in/heather-green-b5b659140/
Nancy Grimm,https://www.linkedin.com/in/nancybgrimm/
Susanne Grossman-Clarke,
Sandeep Gupta,https://www.linkedin.com/in/sandeep-gupta-5b820142/
Kevin Gurney,https://www.linkedin.com/in/kevin-gurney-4171a81b/
Devens Gust,https://www.linkedin.com/in/devens-gust-aa4a0023/
David Guston,https://www.linkedin.com/in/david-guston-74b81b5/
Julianna Gwiszcz,https://www.linkedin.com/in/julianna-gwiszcz-mssw-phd-explorer3/
Edward Hackett,https://www.linkedin.com/in/edward-hackett-aaa2b66b/
Joleen Hadrich,https://www.linkedin.com/in/joleen-h-6997a258/
Bjoern Hagen,https://www.linkedin.com/in/bjoern-hagen-3b0bab94/
Mark Hager,https://www.linkedin.com/in/mhager/
LaDawn Haglund,https://www.linkedin.com/in/ladawn-haglund-65960591/
Chad Haines,https://www.linkedin.com/in/chad-haines-78507916/
Rolf Halden,https://www.linkedin.com/in/rolf-arild-gr%C3%B8nberg-1708a97a/
Annie Hale,https://www.linkedin.com/in/annie-hale/
Michelle Hale,https://www.linkedin.com/in/michelle-hale-34131673/
Sharon Hall,https://www.linkedin.com/in/sharon-j-hall-719273107/
Michael Hanemann,https://www.linkedin.com/in/michael-hanemann-jr-701b308/
Sharon Harlan,https://www.linkedin.com/in/sharon-harlan-3111616a/
John Harlow,https://www.linkedin.com/in/johnharlowjr/
Caroline Harrison,https://www.linkedin.com/in/cjharri1/
Hilairy Hartnett,https://www.linkedin.com/in/hilairyhartnett2020/
Lee Hartwell,https://www.linkedin.com/in/lee-hartwell-07595b91/
Christopher Hayter,https://www.linkedin.com/in/chris-hayter-2748343/
Michelle Hegmon,https://www.linkedin.com/in/michelle-hegmon-503b73132/
Arjun Heimsath,https://www.linkedin.com/in/arjun-heimsath-63a4ba37/
Mark Henderson,https://www.linkedin.com/in/mark-henderson-210028188/
Wesley Herche,https://www.linkedin.com/in/herche/
Pierre Herckes,https://www.linkedin.com/in/pierre-herckes-1646451/
James Hershauer,
Jacqueline Hettel Tidwell,https://www.linkedin.com/in/jacquelinehetteltidwell/
Gerald Heydt,https://www.linkedin.com/in/gerald-heydt-483245179/
Nicholas Hild,https://www.linkedin.com/in/nicholas-hild-a4b49616/
Katie Hinde,https://www.linkedin.com/in/katie-hinde-68a10b23/
Paul Hirt,https://www.linkedin.com/in/paulhirt/
Jennifer Hodbod,https://www.linkedin.com/in/jennifer-hodbod/
James Hodge Jr.,https://www.linkedin.com/in/james-g-hodge-jr-797385162/
Glenn Hoetker,https://www.linkedin.com/in/glenn-hoetker/
John Hofmeister,https://www.linkedin.com/in/john-hofmeister-78191b9/
Heidi Hogden,https://www.linkedin.com/in/heidi-hogden-839195174/
David Hole,https://www.linkedin.com/in/dave-hole-3590384/
Zachary Holman,https://www.linkedin.com/in/zachary-holman-0644b026/
David Hondula,https://www.linkedin.com/in/david-hondula-b676871/
Christiana Honsberg,https://www.linkedin.com/in/christian-honsberg-434938181/
Miroslav Honzak,https://www.linkedin.com/in/miroslav-honz%C3%A1k-0559bbb/
Steven Hooker,https://www.linkedin.com/in/steven-hooker-73402a1a7/
Philip Horton,https://www.linkedin.com/in/philip-m-horton/
Laura Hosman,https://www.linkedin.com/in/laurahosman/
Anthony Howell,https://www.linkedin.com/in/anthony-howell-41ab0327/
Kiril Hristovski,https://www.linkedin.com/in/kirilhristovski/
Lily Hsueh,https://www.linkedin.com/in/lily-hsueh-phd/
Huei-Ping Huang,https://www.linkedin.com/in/huei-ping-huang-643700156/
Renee Hughner,https://www.linkedin.com/in/renee-hughner-60a55b11/
Tom Hunsaker,https://www.linkedin.com/in/btomhunsaker/
Faheem Hussain,https://www.linkedin.com/in/faheemhussain/
Andrew Inkpen,https://www.linkedin.com/in/andrew-inkpen-0b728b10/
Minu Ipe,https://www.linkedin.com/in/minu-ipe-1136731/
David Iwaniec,https://www.linkedin.com/in/david-iwaniec-b2979076/
Kirk Jalbert,https://www.linkedin.com/in/kirk-jalbert-51143853/
Timothy James,https://www.linkedin.com/in/tim-james-b60277a/
Marco Janssen,https://www.linkedin.com/in/marco-janssen-81142a6/
Megan Jehn,https://www.linkedin.com/in/megan-jehn-a7b6084/
Adriene Jenik,https://www.linkedin.com/in/adriene-jenik-33845a5/
Lekelia Jenkins,https://www.linkedin.com/in/lekelia-kiki-jenkins-85087420/
J Johnson,https://www.linkedin.com/in/j-logan-johnson/
Nathan Johnson,https://www.linkedin.com/in/nathan-johnson-3127976/
Paul Johnson,https://www.linkedin.com/in/paul-johnson-08940157/
Ryan Johnson,https://www.linkedin.com/in/getryanjohnson/
Erik Johnston,https://www.linkedin.com/in/erik-johnston-8b0b362a/
Christopher Jones,https://www.linkedin.com/in/christophermicrojones/
Feng Ju,https://www.linkedin.com/in/feng-ju-655b4216/
Peter Jurutka,https://www.linkedin.com/in/peter-jurutka-30b10a36/
Kamil Kaloush,https://www.linkedin.com/in/kamil-kaloush-06503710/
Subbarao Kambhampati,https://www.linkedin.com/in/subbarao-kambhampati-3260708/
Sreetharan Kanthaswamy,https://www.linkedin.com/in/sreetharan-kanthaswamy-b28797121/
Lina Karam,https://www.linkedin.com/in/linakaram/
Darshan Karwat,https://www.linkedin.com/in/darshan-karwat-84a75835/
Edward Kavazanjian,
Braden Kay,https://www.linkedin.com/in/braden-kay-1543131a/
Jennifer Keahey,https://www.linkedin.com/in/jennifer-keahey-9570504/
Jonathan Kelman,https://www.linkedin.com/in/jonathan-kelman-73555b156/
Douglas Kenrick,https://www.linkedin.com/in/douglas-kenrick-51335020/
Sara Khoeini,https://www.linkedin.com/in/sara-khoeini/
Sayfe Kiaei,https://www.linkedin.com/in/sayfe-kiaei-7b986a1/
Gunwoo Kim,https://www.linkedin.com/in/gunwoo/
Yeowon Kim,https://www.linkedin.com/in/yeowon-kim/
Yushim Kim,
Keith Kintigh,https://www.linkedin.com/in/kintigh/
Ann Kinzig,https://www.linkedin.com/in/ann-katrin-fischer-b41b21177/
Andrew Kirby,https://www.linkedin.com/in/andrew-kirby-30979035/
Robert Kirsch,https://www.linkedin.com/in/robert-kirsch-b414511b/
Sally Kitch,https://www.linkedin.com/in/sally-kitch-212264a/
Jack Kittinger,https://www.linkedin.com/in/jack-kittinger-13aa04117/
Mark Klett,https://www.linkedin.com/in/mark-klett-94650816/
Barbara Klimek,https://www.linkedin.com/in/barbara-klimek-80339358/
Sonja Klinsky,
Jeffrey Klopatek,https://www.linkedin.com/in/jeffrey-klopatek-51913057/
Richard Knopf,https://www.linkedin.com/in/richard-knopf-37a499134/
Jonathan Koppell,https://www.linkedin.com/in/jonathan-koppell-4bb93/
Auriane Koster,https://www.linkedin.com/in/aurianekoster/
Rosa Krajmalnik-Brown,https://www.linkedin.com/in/rosa-krajmalnik-brown-b6549a9/
Kailin Kroetz,https://www.linkedin.com/in/kailin-kroetz-8267b731/
Lauren Kuby,https://www.linkedin.com/in/lauren-kuby-b5a84615/
Michael Kuby,https://www.linkedin.com/in/michael-kuby-90baaa28/
Nicolai Kuminoff,https://www.linkedin.com/in/nicolai-kuminoff-96684352/
Klaus Lackner,https://www.linkedin.com/in/klaus-lackner/
Anthony Lamanna,https://www.linkedin.com/in/tony-lamanna/
Peter Lammers,https://www.linkedin.com/in/peter-lammers-936b9725/
Adam Lampert,https://www.linkedin.com/in/adam-lampert-a4385598/
Amy Landis,https://www.linkedin.com/in/amy-landis-9632071aa/
Francisco Lara-Valencia,https://www.linkedin.com/in/francisco-lara-valencia-232393a3/
Linda Larkey,https://www.linkedin.com/in/linda-larkey-6a53b411/
Elizabeth Larson,https://www.linkedin.com/in/elizabeth-larson-1835448/
Kelli Larson,https://www.linkedin.com/in/kelli-larson-3427416/
Rhett Larson,https://www.linkedin.com/in/rhett-larson-ab59b93/
Manfred Laubichler,https://www.linkedin.com/in/manfred-laubichler-442a458/
Christine Lee,https://www.linkedin.com/in/christine-lee-60197bb8/
Rebecca Lee,https://www.linkedin.com/in/rebecca-lee-7b910118a/
Bryan Leonard,https://www.linkedin.com/in/bryan-leonard-82772842/
Neal Lester,https://www.linkedin.com/in/les-neal-003b846/
Anthony Levenda,https://www.linkedin.com/in/anthony-levenda-7a1b7815/
Jesse Lewis,https://www.linkedin.com/in/jesse-lewis-1b01a78b/
Wei Li,https://www.linkedin.com/in/wei-li-86a93215/
Wenwen Li,https://www.linkedin.com/in/wenwenli/
Chuan Liao,https://www.linkedin.com/in/yingchuanliao/
Mary Lind,https://www.linkedin.com/in/mary-laura-lind-500b3b1/
Stuart Lindsay,https://www.linkedin.com/in/stuart-lindsay-7946208/
Heather Lineberry,https://www.linkedin.com/in/heather-sealy-lineberry-a8aa8a9/
Huan Liu,https://www.linkedin.com/in/huan-liu-96ab172/
Jingyue Liu,https://www.linkedin.com/in/jingyue-liu-191804164/
Jose Lobo,https://www.linkedin.com/in/jose-lobo-11649568/
Joshua Loughman,https://www.linkedin.com/in/joshualoughman/
Joanna Lucio,https://www.linkedin.com/in/xen-jo-lucio-301ab277/
Mark Lussier,https://www.linkedin.com/in/mark-lussier-54145075/
Myles Lynk,
Joshua MacFadyen,https://www.linkedin.com/in/joshmacfadyen/
Alex Mahalov,
Maren Mahoney,https://www.linkedin.com/in/maren-mahoney-5456b712/
Jane Maienschein,https://www.linkedin.com/in/megan-hazel-b70316152/
David Manuel-Navarrete,https://www.linkedin.com/in/davidmanuelnavarrete/
Andrew Mara,https://www.linkedin.com/in/andrew-mara-bbaab611/
George Maracas,https://www.linkedin.com/in/maracas-george-47404b1/
Gary Marchant,https://www.linkedin.com/in/gary-marchant-60a843/
Andrew Marcus,https://www.linkedin.com/in/andrew-marcus-9865008/
Chris Martin,https://www.linkedin.com/in/chris-martin-0271a286/
Hamidreza Marvi,
Giuseppe Mascaro,https://www.linkedin.com/in/giuseppe-mascaro-4b319429/
Kristin Mayes,https://www.linkedin.com/in/kristen-mayes-45297ba4/
Andrew Maynard,https://www.linkedin.com/in/andrewdmaynard/
Martha McCartney,https://www.linkedin.com/in/martha-mccartney-b3139750/
John McGowen,https://www.linkedin.com/in/john-mcgowan-b994642/
Joan McGregor,https://www.linkedin.com/in/joan-mcgregor-5b207236/
Kevin McHugh,https://www.linkedin.com/in/kevin-mchugh-b2747a11/
Thomas McShane,https://www.linkedin.com/in/tommcshane/
Sara Meerow,https://www.linkedin.com/in/sara-meerow-b46a7131/
Mauricio Mejia,https://www.linkedin.com/in/gmmejia/
Deirdre Meldrum,https://www.linkedin.com/in/deirdre-meldrum-5b673915/
Rob Melnick,https://www.linkedin.com/in/rob-melnick-b292a75/
Jose Menendez,https://www.linkedin.com/in/jose-menendez-a4a3b422/
Kathleen Merrigan,https://www.linkedin.com/in/kathleenmerrigan/
Eileen Merritt,https://www.linkedin.com/in/eileen-merritt-128a169a/
Genevieve Metson,https://www.linkedin.com/in/genevieve-metson-6b42b264/
Ariane Middel,https://www.linkedin.com/in/amiddel/
Manjana Milkoreit,https://www.linkedin.com/in/manjana-milkoreit-9304313/
Clark Miller,https://www.linkedin.com/in/clark-miller-a2a22a33/
James Miller,https://www.linkedin.com/in/james-miller-5621a712/
Thad Miller,https://www.linkedin.com/in/thad-miller-aa6408a/
Ben Minteer,https://www.linkedin.com/in/ben-minteer-239aa39/
Pitu Mirchandani,https://www.linkedin.com/in/pitu-mirchandani-135a704/
Ashok Mishra,https://www.linkedin.com/in/ashok-mishra-46262341/
Felicia Mitchell,https://www.linkedin.com/in/felicia-mitchell-71441869/
Barzin Mobasher,https://www.linkedin.com/in/barzin-mobasher-0496491b/
Sian Mooney,https://www.linkedin.com/in/sian-mooney-559446a5/
Ana Moore,https://www.linkedin.com/in/ana-moore-8928a740/
Gary Moore,https://www.linkedin.com/in/gary-f-moore-ba57248a/
Tom Moore,https://www.linkedin.com/in/tom-moore-937a6618/
Christopher Morehart,https://www.linkedin.com/in/christopher-morehart-32482593/
Traci Morris,https://www.linkedin.com/in/tracilmorris/
Karen Mossberger,https://www.linkedin.com/in/karen-mossberger/
Mohamed Moustaoui,https://www.linkedin.com/in/mohamed-yahya-el-moustaoui-42ba58a9/
Valerie Mueller,https://www.linkedin.com/in/valerie-mueller-45368084/
Rebecca Muenich,https://www.linkedin.com/in/rlmuenich/
Rachata Muneepeerakul,https://www.linkedin.com/in/rachata-muneepeerakul-05870416/
Ellen Murray Meissinger,https://www.linkedin.com/in/ellen-murray-meissinger-172bb533/
Alvin Mushkatel,https://www.linkedin.com/in/alvin-mushkatel-7169336/
Soe Myint,https://www.linkedin.com/in/soe-myint-12224811/
Tess Neal,https://www.linkedin.com/in/tess-m-s-neal-987aa735/
Narayanan Neithalath,https://www.linkedin.com/in/narayanan-neithalath-37b2353b/
Ben Nelson,https://www.linkedin.com/in/ben-nelson-97462b45/
Margaret Nelson,https://www.linkedin.com/in/margie-nelson-9b9b31a/
Trisalyn Nelson,https://www.linkedin.com/in/trisalyn-nelson-45b193bb/
Steven Neuberg,https://www.linkedin.com/in/steven-neuberg-77115a7/
Susanne Neuer,https://www.linkedin.com/in/susanne-neuer-93000113/
Nathan Newman,https://www.linkedin.com/in/nathan-newman-206a5512/
David Nielsen,https://www.linkedin.com/in/david-nielsen-226a4310/
Cun-Zheng Ning,https://www.linkedin.com/in/czning/
Gyan Nyaupane,https://www.linkedin.com/in/gyan-nyaupane-9727764b/
George Obeng,https://www.linkedin.com/in/george-obeng-akrofi-08537788/
Punam Ohri-Vachaspati,https://www.linkedin.com/in/punam-ohri-vachaspati-74b56923/
Larry Olson,https://www.linkedin.com/in/larry-olson-9a4aa045/
Nuri Onat,https://www.linkedin.com/in/nuri-c-onat-869a0746/
Ileana Orlich,https://www.linkedin.com/in/ileana-orlich-27539371/
Rick Overson,https://www.linkedin.com/in/rick-overson-076a3937/
Robert Page Jr,https://www.linkedin.com/in/robert-page-jr-83985a118/
Garth Paine,https://www.linkedin.com/in/garthpaine/
Suzanne Palmieri,https://www.linkedin.com/in/suzanne-s-6171018/
Sethuraman Panchanathan,https://www.linkedin.com/in/drpanch/
John Parker,https://www.linkedin.com/in/john-parker-a5718610a/
Nathan Parker,https://www.linkedin.com/in/nathanparker3/
Mary Jane Parmentier,https://www.linkedin.com/in/mary-jane-c-parmentier-94327032/
Kristen Parrish,https://www.linkedin.com/in/kristen-parrish-7a394117/
Martin Pasqualetti,https://www.linkedin.com/in/martin-j-mike-pasqualetti-9815626/
Theodore Pavlic,https://www.linkedin.com/in/tedpavlic/
David Pearson,https://www.linkedin.com/in/david-pearson-05393112/
Giulia Pedrielli,https://www.linkedin.com/in/giulia-pedrielli-76bb1b32/
Ram Pendyala,https://www.linkedin.com/in/ram-m-pendyala-405a027/
Clint Penick,https://www.linkedin.com/in/clint-penick-2739a148/
Christopher Penton,https://www.linkedin.com/in/christopher-penton-abb02543/
Francois Perreault,https://www.linkedin.com/in/fran%C3%A7ois-perreault-567b2316/
Charles Perrings,https://www.linkedin.com/in/katy-hawkins-005a466b/
Darren Petrucci,https://www.linkedin.com/in/darren-petrucci-24997769/
Deirdre Pfeiffer,https://www.linkedin.com/in/deirdre-pfeiffer-a29a393/
Stephanie Pfirman,https://www.linkedin.com/in/stephanie-pfirman-b69590107/
Patrick Phelan,https://www.linkedin.com/in/pat-phelan-1405055/
K. David Pijawka,
Katie Pine,https://www.linkedin.com/in/katie-pine-1561879/
Beth Polidoro,https://www.linkedin.com/in/beth-polidoro-4706054a/
Fernando Ponce,https://www.linkedin.com/in/fernando-ponce-31556984/
Rosimeiry Portela,https://www.linkedin.com/in/rosimeiry-portela-b8818657/
Sandra Price,https://www.linkedin.com/in/sandraprice/
Antonios Printezis,https://www.linkedin.com/in/printezis/
Paul Prosser,https://www.linkedin.com/in/paul-prosser-657834a/
Thomas Puleo,https://www.linkedin.com/in/tapuleo/
Stephen Pyne,https://www.linkedin.com/in/stephen-pyne-11287ab3/
Ray Quay,https://www.linkedin.com/in/rayquay/
B Ramakrishna,https://www.linkedin.com/in/ramakrishna-b-39500811b/
Kannan Ramaswamy,https://www.linkedin.com/in/kannan-ramaswamy-b0041864/
T. Agami Reddy,
Charles Redman,https://www.linkedin.com/in/chuck-redman-25637114/
Erin Redman,https://www.linkedin.com/in/erin-nicole-redman-a79190aa/
Charles Reeves,https://www.linkedin.com/in/charles-reeves-71b67417/
Duke Reiter,https://www.linkedin.com/in/duke-petrovich-a8920b1b/
Patricia Reiter,https://www.linkedin.com/in/patriciareiter/
Timothy Richards,https://www.linkedin.com/in/timothy-richards-71b5076/
Jennifer Richter,https://www.linkedin.com/in/jennifer-richter-91548b11b/
Bruce Rittmann,https://www.linkedin.com/in/bruce-rittmann-2814074/
Sandra Rodegher,https://www.linkedin.com/in/sandra-rodegher-phd-6b89551/
Brad Rogers,https://www.linkedin.com/in/brad-rogers-676bb21a/
Mark Roseland,https://www.linkedin.com/in/mark-roseland-8b3ab62b/
Heather Ross,https://www.linkedin.com/in/heathermrossdnp/
Helen Rowe,https://www.linkedin.com/in/helen-rowe-8810514/
Benjamin Ruddell,https://www.linkedin.com/in/benjaminruddell/
Troy Rule,https://www.linkedin.com/in/troy-rule-46705119/
John Sabo,https://www.linkedin.com/in/john-sabo-8620281/
David Sailor,https://www.linkedin.com/in/david-sailor-50a971a/
Osvaldo Sala,https://www.linkedin.com/in/osvaldo-e-sala-6636505/
Francisco Salamanca Palou,
Deborah Salon,https://www.linkedin.com/in/deborah-salon-5b8b1041/
David Sampson,https://www.linkedin.com/in/david-sampson-422a8313/
Todd Sandrin,https://www.linkedin.com/in/todd-sandrin-78014110/
Marco Saraniti,https://www.linkedin.com/in/marco-antonio-saraniti-z%C3%BA%C3%B1iga-97414a40/
Bruno Sarda,https://www.linkedin.com/in/brunosarda/
Daniel Sarewitz,
Peter Schlosser,https://www.linkedin.com/in/peter-schlosser-272a4a33/
Troy Schmitz,https://www.linkedin.com/in/troy-schmitz-7bb019b/
Matthew Scholz,https://www.linkedin.com/in/matt-scholz-55559334/
Michael Schoon,https://www.linkedin.com/in/michael-schoon-6620b91/
Roseanne Schuster,https://www.linkedin.com/in/roseanne-schuster-phd-msc-6725b665/
Thomas Seager,https://www.linkedin.com/in/thomaspseager/
Jorge Sefair,https://www.linkedin.com/in/jorge-jabbour-sefair-95a27370/
Cynthia Selin,https://www.linkedin.com/in/cynthia-selin-1045525/
Nancy Selover,https://www.linkedin.com/in/nancy-selover-b2983b98/
Steven Semken,https://www.linkedin.com/in/steve-semken-publisher-speaker/
Jesse Senko,https://www.linkedin.com/in/jessesenko/
Xin Wei Sha,https://www.linkedin.com/in/shaxinwei/
Stephen Shaffer,https://www.linkedin.com/in/steve-shaffer-3918868a/
R Shangraw Jr.,
Glenn Sheriff,https://www.linkedin.com/in/glenn-sheriff-a6502390/
Everett Shock,https://www.linkedin.com/in/everett-shock-b91a4347/
Milan Shrestha,https://www.linkedin.com/in/milanshrestha/
Shade Shutters,https://www.linkedin.com/in/shadeshutters/
Iveta Silova,https://www.linkedin.com/in/iveta-silova-4bb52711/
Michael Simeone,https://www.linkedin.com/in/michael-simeone-366760a9/
Anne Simmons-Benton,https://www.linkedin.com/in/anne-simmons-benton-79b6465/
Andrew Smith,https://www.linkedin.com/in/andrew-smith-22952626/
David Smith,https://www.linkedin.com/in/david-smith-1a723b99/
Kerry Smith,https://www.linkedin.com/in/kerry-smith-b52ba1101/
Andreas Spanias,https://www.linkedin.com/in/andreas-spanias-a6493928/
Susan Spierre Clark,https://www.linkedin.com/in/drsusanspierreclark/
Kyle Squires,https://www.linkedin.com/in/kylesquires/
Dimitrios Stampoulis,https://www.linkedin.com/in/dimitriosstampoulis/
Jan Stanley,https://www.linkedin.com/in/jan-stanley-91292345/
Ellen Stechel,https://www.linkedin.com/in/ellen-stechel-a797097/
Kelly Steele,https://www.linkedin.com/in/kelly-steele-901a3812/
George Stephanopoulos,https://www.linkedin.com/in/george-stephanopoulos-931377199/
Beckett Sterner,https://www.linkedin.com/in/beckett-sterner-04651415/
Justin Stritch,https://www.linkedin.com/in/justin-michael-stritch-6534b015/
Juliet Stromberg,https://www.linkedin.com/in/jody-bergstrom-35b51331/
Deborah Strumsky,https://www.linkedin.com/in/deborah-strumsky-9285b12a/
Jean Stutz,https://www.linkedin.com/in/jean-stutz-081b13127/
Brian Sullivan,https://www.linkedin.com/in/brian-sullivan-0864a88b/
Mary Sully de Luque,https://www.linkedin.com/in/marysullydeluque/
Percy Summers,https://www.linkedin.com/in/percy-summers-sarria-9026b062/
Tod Swanson,https://www.linkedin.com/in/tod-swanson-b482738/
Ken Sweat,https://www.linkedin.com/in/ken-sweat-57791413/
Violet Syrotiuk,https://www.linkedin.com/in/violet-syrotiuk-16a6312b/
John Takamura Jr.,
Meng Tao,https://www.linkedin.com/in/tao-meng-3b0013174/
Philip Tarrant,https://www.linkedin.com/in/philip-tarrant-00573631/
Luke Tate,https://www.linkedin.com/in/luketate/
Thomas Taylor,https://www.linkedin.com/in/thomas-taylor-6437ba159/
Colin Tetreault,https://www.linkedin.com/in/colintetreault/
Heather Throop,https://www.linkedin.com/in/heather-throop-a2235b11/
Sir Crispin Tickell,
Dallen Timothy,https://www.linkedin.com/in/dallen-timothy-a56a5621/
Hava Tirosh-Samuelson,
Daoqin Tong,https://www.linkedin.com/in/daoqin-tong-87b491b/
Cesar Torres,https://www.linkedin.com/in/cesar-torres-93340323/
Sarah Tracy,https://www.linkedin.com/in/sarahjtracy/
Mai Trinh,https://www.linkedin.com/in/maiptrinh/
Kong-Thon Tsen,https://www.linkedin.com/in/kong-thon-tsen-92a9a9140/
Rebecca Tsosie,https://www.linkedin.com/in/rebecca-tsosie-4a2b33143/
Billie Turner II,
Tim Tyrrell,https://www.linkedin.com/in/timothy-tyrrell-8726157/
Sander van der Leeuw,https://www.linkedin.com/in/sandervanderleeuw/
Mark van Schilfgaarde,https://www.linkedin.com/in/mark-van-schilfgaarde-7aa72097/
Jennifer Vanos,https://www.linkedin.com/in/jennifer-vanos-phd-1373b535/
Dragica Vasileska,https://www.linkedin.com/in/dragica-vasileska-68219120/
Willem Vermaas,https://www.linkedin.com/in/willem-vermaas-0851058/
Vijay Vittal,https://www.linkedin.com/in/vijay-vittal-13298413/
Juliann Vitullo,
Enrique Vivoni,https://www.linkedin.com/in/enrique-vivoni-ph-d-p-e-655696162/
Christine Vogt,https://www.linkedin.com/in/christine-vogt-32a77b10/
Zhihua Wang,https://www.linkedin.com/in/zhihua-wang-52870a9/
Karen Watanabe,https://www.linkedin.com/in/karen-watanabe-14ba9ba9/
Andrew Webber,https://www.linkedin.com/in/andrew-webber-09510093/
Douglas Webster,https://www.linkedin.com/in/douglas-webster-79486b13a/
Andrea Weinberg,https://www.linkedin.com/in/andrea-weinberg-bbaaa8176/
Taylor Weiss,https://www.linkedin.com/in/taylor-l-weiss-925ba489/
Eric Welch,https://www.linkedin.com/in/eric-welch-960a4520/
Elizabeth Wentz,https://www.linkedin.com/in/elizabeth-wentz-668b43109/
Paul Westerhoff,https://www.linkedin.com/in/paul-westerhoff-36189410/
Jameson Wetmore,https://www.linkedin.com/in/jameson-wetmore-96638512/
Christopher Wharton,https://www.linkedin.com/in/chris-wharton-633481174/
Dave White,https://www.linkedin.com/in/dave-white-1109ba6/
Philip White,https://www.linkedin.com/in/philip-white-8065364/
Arnim Wiek,https://www.linkedin.com/in/arnim-wiek-b13183b/
Lauren Withycombe Keeler,https://www.linkedin.com/in/laurenwithycombe/
Neal Woodbury,https://www.linkedin.com/in/neal-woodbury-6435936/
Marek Wosinski,https://www.linkedin.com/in/marek-wosinski-596200/
Allen Wright,https://www.linkedin.com/in/allen-wright-2083a924/
Jianguo Wu,https://www.linkedin.com/in/jianguo-wu-95197315/
Amber Wutich,https://www.linkedin.com/in/amber-wutich-38210b62/
Tianfang Xu,https://www.linkedin.com/in/tianfang-xu-55714793/
Abigail York,https://www.linkedin.com/in/abigail-york-38521979/
Hongbin Yu,https://www.linkedin.com/in/hongbin-yu-b3388328/
Alaina Zanin,https://www.linkedin.com/in/alaina-zanin-1b627353/
Claudia Zapata,https://www.linkedin.com/in/claudia-zapata-579b3436/
Yong Hang Zhang,https://www.linkedin.com/in/yong-hang-zhang-5013b0/
